"id","cust_no","name","created_by","created_dt","updated_by","updated_dt","version"
F3188BD2-1743-4C56-86A4-0771BB597FD9,"00231204072011119",ADNAN CAMACHO,SYSTEM,2023-12-04 07:20:11.121,SYSTEM,2023-12-04 07:20:11.121,0
AA363709-A35A-474D-A47F-08D53FC97B4F,"00231204072215110",BUSHRA WILKINSON,SYSTEM,2023-12-04 07:22:15.113,SYSTEM,2023-12-04 07:22:15.113,0
DFBA3FEB-684D-4565-8C94-0F1044A87092,"00231204072424425",GEORGIE BENDER,SYSTEM,2023-12-04 07:24:24.430,SYSTEM,2023-12-04 07:24:24.430,0
BBEB450D-1B3D-42B7-B1D9-1238BE34AFAD,"00231204072128450",CARMEN HOLDEN,SYSTEM,2023-12-04 07:21:28.454,SYSTEM,2023-12-04 07:21:28.454,0
"060CCCF6-5C0A-4249-9519-20A4B205F233","00231204072036897",RIYA POTTS,SYSTEM,2023-12-04 07:20:36.899,SYSTEM,2023-12-04 07:20:36.899,0
"41046533-55B8-40F8-847E-332F61B6D356","00231204072159419",REID BRANCH,SYSTEM,2023-12-04 07:21:59.423,SYSTEM,2023-12-04 07:21:59.423,0
"755BC6B6-5214-41F5-AF13-37030E551C62","00231204072325358",NIKOLAS KLEIN,SYSTEM,2023-12-04 07:23:25.361,SYSTEM,2023-12-04 07:23:25.361,0
"62C35AB4-FD59-45F6-8FE6-3C7029362570","00231204072302212",BERTHA HENDRICKS,SYSTEM,2023-12-04 07:23:02.215,SYSTEM,2023-12-04 07:23:02.215,0
D831BF24-4399-415C-B323-3C80C17A9C39,"00231204072028216",AJAY DONNELLY,SYSTEM,2023-12-04 07:20:28.219,SYSTEM,2023-12-04 07:20:28.219,0
"9B678BB3-CE8B-44B5-B887-5198E04C8AAE","00231204072019137",GRACE STARK,SYSTEM,2023-12-04 07:20:19.140,SYSTEM,2023-12-04 07:20:19.140,0
"176B385D-0C47-431D-9A06-5738F0E175B2","00231204072046469",LUCAS BLAIR,SYSTEM,2023-12-04 07:20:46.473,SYSTEM,2023-12-04 07:20:46.473,0
"443AD24C-31AB-41D8-8111-5F6D515864C4","00231204072110869",LLOYD SUAREZ,SYSTEM,2023-12-04 07:21:10.872,SYSTEM,2023-12-04 07:21:10.872,0
"14C4B897-F57A-4FC6-8477-72A3F9C47B75","00231204072207681",TORI LUCAS,SYSTEM,2023-12-04 07:22:07.684,SYSTEM,2023-12-04 07:22:07.684,0
E608DC11-36B0-4BE6-B0D1-74120A8A66B4,"00231204072102149",ALICE ENGLAND,SYSTEM,2023-12-04 07:21:02.153,SYSTEM,2023-12-04 07:21:02.153,0
D239A37B-4B60-4037-B189-75E53E876C80,"00231204072003806",GARY VILLEGAS,SYSTEM,2023-12-04 07:20:03.809,SYSTEM,2023-12-04 07:20:03.809,0
"35B9E709-4130-4C1A-8AB6-97E18F55042A","00231204072227904",MARINA MOYER,SYSTEM,2023-12-04 07:22:27.907,SYSTEM,2023-12-04 07:22:27.907,0
EDFD1CF5-DA3F-4A21-850B-9BD0AA7B037C,"0023120407234327",ROSE DOUGLAS,SYSTEM,2023-12-04 07:23:43.031,SYSTEM,2023-12-04 07:23:43.031,0
"9481F4B2-A620-4ED2-8B99-9C75F64FCF0E","00231204072309402",TALLULAH CLAY,SYSTEM,2023-12-04 07:23:09.407,SYSTEM,2023-12-04 07:23:09.407,0
"38D1A2B2-45FB-43F7-BCDB-9F62E6A4333E","00231204071944936",TYLER LAMBERT,SYSTEM,2023-12-04 07:19:44.939,SYSTEM,2023-12-04 07:19:44.939,0
E9E9BF72-F544-4E5D-8A48-B05165CA19CA,"00231204072333374",SIENA HANNA,SYSTEM,2023-12-04 07:23:33.376,SYSTEM,2023-12-04 07:23:33.376,0
C0C2A082-DDB7-4CCE-B1DD-B07B209C3753,"0023120407223581",HANNA CANTU,SYSTEM,2023-12-04 07:22:35.083,SYSTEM,2023-12-04 07:22:35.083,0
"4C535437-4A2C-4E75-BF12-B78A293132DF","00231204072244275",KALLUM OCONNOR,SYSTEM,2023-12-04 07:22:44.277,SYSTEM,2023-12-04 07:22:44.277,0
A9CAB578-BDC0-43A6-8693-CC94AAD0A954,"0023120407192308",ZAHRAA LIVINGSTON,SYSTEM,2023-12-04 07:19:23.022,SYSTEM,2023-12-04 07:19:23.022,0
C0CB5954-24FD-4F89-AE60-CE6E04E069FB,"00231204072143405",ANYA OSBORN,SYSTEM,2023-12-04 07:21:43.408,SYSTEM,2023-12-04 07:21:43.408,0
"0039864B-3C43-42A1-937B-CF294B37B3A6","00231204072135793",RAJA ONEAL,SYSTEM,2023-12-04 07:21:35.796,SYSTEM,2023-12-04 07:21:35.796,0
"822C46BC-D4A2-40B4-B4A6-D041B65DCFC8","00231204072317765",CHELSEA WOOD,SYSTEM,2023-12-04 07:23:17.770,SYSTEM,2023-12-04 07:23:17.770,0
"610818E4-32DF-4839-B21D-D09820CAB5E8","00231204071935265",MALIKA CALDERON,SYSTEM,2023-12-04 07:19:35.269,SYSTEM,2023-12-04 07:19:35.269,0
"63DC1290-4387-4B71-9482-E1328357DBB4","00231204071954771",YASMINE PARRISH,SYSTEM,2023-12-04 07:19:54.774,SYSTEM,2023-12-04 07:19:54.774,0
FB530C13-B7EA-4D09-8FFA-EB4A88B6F59E,"00231204072408614",FERN HOPKINS,SYSTEM,2023-12-04 07:24:08.617,SYSTEM,2023-12-04 07:24:08.617,0
F08EA4FC-4424-4F4A-B6C0-ED497AE14825,"00231204072253436",JONAS VELASQUEZ,SYSTEM,2023-12-04 07:22:53.439,SYSTEM,2023-12-04 07:22:53.439,0
B25EE72B-F426-4C48-A865-F13EB88E476B,"0023120407241664",JANNAT DOHERTY,SYSTEM,2023-12-04 07:24:16.067,SYSTEM,2023-12-04 07:24:16.067,0
CF406235-62A7-4632-A1E4-F32F032727DB,"0023120407215198",WILLIAM HILTON,SYSTEM,2023-12-04 07:21:51.101,SYSTEM,2023-12-04 07:21:51.101,0
